2022-10-13 18:55:00.336,102.0
2022-10-13 18:55:00.317,28.0
2022-10-13 18:55:00.297,243.0
2022-10-13 18:55:00.278,47.0
2022-10-13 18:55:00.258,5.0
2022-10-13 18:55:00.239,32.0
2022-10-13 18:55:00.219,197.0
2022-10-13 18:55:00.200,143.0
2022-10-13 18:55:00.180,148.0
2022-10-13 18:55:00.161,215.0
2022-10-13 18:55:00.141,117.0
2022-10-13 18:55:00.121,184.0
2022-10-13 18:55:00.102,124.0
2022-10-13 18:55:00.082,118.0
2022-10-13 18:55:00.063,214.0
2022-10-13 18:55:00.043,6.0
2022-10-13 18:55:00.024,92.0
2022-10-13 18:55:00.004,196.0
2022-10-13 18:54:59.985,230.0
2022-10-13 18:54:59.965,222.0
2022-10-13 18:54:59.946,247.0
2022-10-13 18:54:59.926,203.0
2022-10-13 18:54:59.907,51.0
2022-10-13 18:54:59.887,19.0
2022-10-13 18:54:59.868,126.0
2022-10-13 18:54:59.848,139.0
2022-10-13 18:52:50.677,163.0
2022-10-13 18:52:50.657,182.0
2022-10-13 18:52:50.637,140.0
2022-10-13 18:52:50.618,70.0
2022-10-13 18:52:50.598,38.0
2022-10-13 18:52:50.579,99.0
2022-10-13 18:52:50.559,230.0
2022-10-13 18:52:50.540,84.0
2022-10-13 18:52:50.520,234.0
2022-10-13 18:52:50.501,214.0
2022-10-13 18:52:50.481,44.0
2022-10-13 18:52:50.462,86.0
2022-10-13 18:52:50.442,211.0
2022-10-13 18:52:50.423,96.0
2022-10-13 18:52:50.403,48.0
2022-10-13 18:52:50.384,116.0
2022-10-13 18:52:50.364,126.0
2022-10-13 18:52:50.345,3.0
2022-10-13 18:52:50.325,56.0
2022-10-13 18:52:50.305,39.0
2022-10-13 18:52:50.286,205.0
2022-10-13 18:52:50.266,36.0
2022-10-13 18:52:50.247,238.0
2022-10-13 18:52:50.227,37.0
2022-10-13 18:52:50.208,166.0
2022-10-13 18:52:50.188,201.0
2022-10-13 18:52:50.169,182.0
2022-10-13 18:52:50.149,49.0
2022-10-13 18:52:50.130,74.0
2022-10-13 18:52:50.110,179.0
2022-10-13 18:52:50.091,4.0
2022-10-13 18:52:50.071,225.0
2022-10-13 18:52:50.052,9.0
2022-10-13 18:52:50.032,225.0
2022-10-13 18:52:50.012,246.0
2022-10-13 18:52:49.993,33.0
2022-10-13 18:52:49.973,241.0
2022-10-13 18:52:49.954,12.0
2022-10-13 18:52:49.934,190.0
2022-10-13 18:52:49.915,108.0
2022-10-13 18:52:49.895,249.0
2022-10-13 18:52:49.876,154.0
2022-10-13 18:52:49.856,175.0
2022-10-13 18:52:49.837,173.0
2022-10-13 18:52:49.817,191.0
2022-10-13 18:52:49.798,27.0
2022-10-13 18:52:49.778,66.0
2022-10-13 18:52:49.759,175.0
2022-10-13 18:52:49.739,249.0
2022-10-13 18:52:49.720,109.0
2022-10-13 18:52:49.700,179.0
2022-10-13 18:52:49.680,134.0
2022-10-13 18:52:49.661,114.0
2022-10-13 18:52:49.641,78.0
2022-10-13 18:52:49.622,229.0
2022-10-13 18:52:49.602,143.0
2022-10-13 18:52:49.583,222.0
2022-10-13 18:52:49.563,44.0
2022-10-13 18:52:49.544,107.0
2022-10-13 18:52:49.524,38.0
2022-10-13 18:52:49.505,206.0
2022-10-13 18:52:49.485,48.0
2022-10-13 18:52:49.466,63.0
2022-10-13 18:52:49.446,33.0
2022-10-13 18:52:49.427,23.0
2022-10-13 18:52:49.407,121.0
2022-10-13 18:52:49.387,136.0
2022-10-13 18:52:49.368,27.0
2022-10-13 18:52:49.348,185.0
2022-10-13 18:52:49.329,231.0
2022-10-13 18:52:49.309,69.0
2022-10-13 18:52:49.290,51.0
2022-10-13 18:52:49.270,228.0
2022-10-13 18:52:49.251,165.0
2022-10-13 18:52:49.231,133.0
2022-10-13 18:52:49.212,92.0
2022-10-13 18:52:49.192,158.0
2022-10-13 18:52:49.173,61.0
2022-10-13 18:52:49.153,89.0
2022-10-13 18:52:49.134,197.0
2022-10-13 18:52:49.114,8.0
2022-10-13 18:52:49.095,1.0
2022-10-13 18:52:49.075,172.0
2022-10-13 18:52:49.055,122.0
2022-10-13 18:52:49.036,41.0
2022-10-13 18:52:49.016,91.0
2022-10-13 18:52:48.997,84.0
2022-10-13 18:52:48.977,24.0
2022-10-13 18:52:48.958,152.0
2022-10-13 18:52:48.938,93.0
2022-10-13 18:52:48.919,226.0
2022-10-13 18:52:48.899,110.0
2022-10-13 18:52:48.880,201.0
2022-10-13 18:52:48.860,123.0
2022-10-13 18:52:48.841,189.0
2022-10-13 18:52:48.821,109.0
2022-10-13 18:52:48.802,182.0
2022-10-13 18:52:48.782,143.0
2022-10-13 18:52:48.762,49.0
2022-10-13 18:52:48.743,65.0
2022-10-13 18:52:48.723,110.0
2022-10-13 18:52:48.704,110.0
2022-10-13 18:52:48.684,47.0
2022-10-13 18:52:48.665,243.0
2022-10-13 18:52:48.645,95.0
2022-10-13 18:52:48.626,141.0
2022-10-13 18:52:48.606,166.0
2022-10-13 18:52:48.587,60.0
2022-10-13 18:52:48.567,228.0
2022-10-13 18:52:48.548,78.0
2022-10-13 18:52:48.528,173.0
2022-10-13 18:52:48.509,40.0
2022-10-13 18:52:48.489,125.0
2022-10-13 18:52:48.470,146.0
2022-10-13 18:52:48.450,198.0
2022-10-13 18:52:48.430,194.0
2022-10-13 18:52:48.411,131.0
2022-10-13 18:52:48.391,200.0
2022-10-13 18:52:48.372,34.0
2022-10-13 18:52:48.352,252.0
2022-10-13 18:52:48.333,43.0
2022-10-13 18:52:48.313,13.0
2022-10-13 18:52:48.294,81.0
2022-10-13 18:52:48.274,44.0
2022-10-13 18:52:48.255,11.0
2022-10-13 18:52:48.235,117.0
2022-10-13 18:52:48.216,203.0
2022-10-13 18:52:48.196,64.0
2022-10-13 18:52:48.177,102.0
2022-10-13 18:52:48.157,203.0
2022-10-13 18:52:48.137,111.0
2022-10-13 18:52:48.118,135.0
2022-10-13 18:52:48.098,19.0
2022-10-13 18:52:48.079,122.0
2022-10-13 18:52:48.059,145.0
2022-10-13 18:52:48.040,148.0
2022-10-13 18:52:48.020,215.0
2022-10-13 18:52:48.001,139.0
2022-10-13 18:52:47.981,90.0
2022-10-13 18:52:47.962,200.0
2022-10-13 18:52:47.942,17.0
2022-10-13 18:52:47.923,128.0
2022-10-13 18:52:47.903,217.0
2022-10-13 18:52:47.884,87.0
2022-10-13 18:52:47.864,111.0
2022-10-13 18:52:47.845,54.0
2022-10-13 18:52:47.825,125.0
2022-10-13 18:52:47.805,160.0
2022-10-13 18:52:47.786,83.0
2022-10-13 18:52:47.766,40.0
2022-10-13 18:52:47.747,93.0
2022-10-13 18:52:47.727,67.0
2022-10-13 18:52:47.708,116.0
2022-10-13 18:52:47.688,226.0
2022-10-13 18:52:47.669,170.0
2022-10-13 18:52:47.649,245.0
2022-10-13 18:52:47.630,243.0
2022-10-13 18:52:47.610,15.0
2022-10-13 18:52:47.591,244.0
2022-10-13 18:52:47.571,177.0
2022-10-13 18:52:47.552,10.0
2022-10-13 18:52:47.532,183.0
2022-10-13 18:52:47.512,110.0
2022-10-13 18:52:47.493,97.0
2022-10-13 18:52:47.473,121.0
2022-10-13 18:52:47.454,224.0
2022-10-13 18:52:47.434,21.0
2022-10-13 18:52:47.415,166.0
2022-10-13 18:52:47.395,203.0
2022-10-13 18:52:47.376,205.0
2022-10-13 18:52:47.356,141.0
2022-10-13 18:52:47.337,254.0
2022-10-13 18:52:47.317,14.0
2022-10-13 18:52:47.298,171.0
2022-10-13 18:52:47.278,44.0
2022-10-13 18:52:47.259,177.0
2022-10-13 18:52:47.239,162.0
2022-10-13 18:52:47.220,148.0
2022-10-13 18:52:47.200,238.0
2022-10-13 18:52:47.180,230.0
2022-10-13 18:52:47.161,66.0
2022-10-13 18:52:47.141,50.0
2022-10-13 18:52:47.122,65.0
2022-10-13 18:52:47.102,159.0
2022-10-13 18:52:47.083,42.0
2022-10-13 18:52:47.063,83.0
2022-10-13 18:52:47.044,213.0
2022-10-13 18:52:47.024,163.0
2022-10-13 18:52:47.005,225.0
2022-10-13 18:52:46.985,228.0
2022-10-13 18:52:46.966,112.0
2022-10-13 18:52:46.946,11.0
2022-10-13 18:52:46.927,13.0
2022-10-13 18:52:46.907,151.0
2022-10-13 18:52:46.887,82.0
2022-10-13 18:52:46.868,148.0
2022-10-13 18:52:46.848,58.0
2022-10-13 18:52:46.829,211.0
2022-10-13 18:52:46.809,198.0
2022-10-13 18:52:46.790,131.0
2022-10-13 18:52:46.770,91.0
2022-10-13 18:52:46.751,98.0
2022-10-13 18:52:46.731,147.0
2022-10-13 18:52:46.712,57.0
2022-10-13 18:52:46.692,97.0
2022-10-13 18:52:46.673,158.0
2022-10-13 18:52:46.653,60.0
2022-10-13 18:52:46.634,47.0
2022-10-13 18:52:46.614,110.0
2022-10-13 18:52:46.595,41.0
2022-10-13 18:52:46.575,99.0
2022-10-13 18:52:46.555,54.0
2022-10-13 18:52:46.536,9.0
2022-10-13 18:52:46.516,16.0
2022-10-13 18:52:46.497,96.0
2022-10-13 18:52:46.477,62.0
2022-10-13 18:52:46.458,178.0
2022-10-13 18:52:46.438,102.0
2022-10-13 18:52:46.419,221.0
2022-10-13 18:52:46.399,23.0
2022-10-13 18:52:46.380,144.0
2022-10-13 18:52:46.360,205.0
2022-10-13 18:52:46.341,91.0
2022-10-13 18:52:46.321,26.0
2022-10-13 18:52:46.302,89.0
2022-10-13 18:52:46.282,78.0
2022-10-13 18:52:46.262,117.0
2022-10-13 18:52:46.243,25.0
2022-10-13 18:52:46.223,13.0
2022-10-13 18:52:46.204,58.0
2022-10-13 18:52:46.184,134.0
2022-10-13 18:52:46.165,231.0
2022-10-13 18:52:46.145,165.0
2022-10-13 18:52:46.126,28.0
2022-10-13 18:52:46.106,6.0
2022-10-13 18:52:46.087,5.0
2022-10-13 18:52:46.067,126.0
2022-10-13 18:52:46.048,18.0
2022-10-13 18:52:46.028,187.0
2022-10-13 18:52:46.009,252.0
2022-10-13 18:52:45.989,81.0
2022-10-13 18:52:45.970,234.0
2022-10-13 18:52:45.950,96.0
2022-10-13 18:52:45.930,123.0
2022-10-13 18:52:45.911,152.0
2022-10-13 18:52:45.891,38.0
2022-10-13 18:52:45.872,220.0
2022-10-13 18:52:45.852,131.0
2022-10-13 18:52:45.833,91.0
2022-10-13 18:52:45.813,143.0
2022-10-13 18:52:45.794,142.0
2022-10-13 18:52:45.774,228.0
2022-10-13 18:52:45.755,104.0
2022-10-13 18:52:45.735,96.0
2022-10-13 18:52:45.716,183.0
2022-10-13 18:52:45.696,170.0
2022-10-13 18:52:45.677,205.0
2022-10-13 18:52:45.657,167.0
2022-10-13 18:52:45.637,130.0
2022-10-13 18:52:45.618,25.0
2022-10-13 18:52:45.598,40.0
2022-10-13 18:52:45.579,128.0
2022-10-13 18:52:45.559,231.0
2022-10-13 18:52:45.540,103.0
2022-10-13 18:52:45.520,121.0
2022-10-13 18:52:45.501,111.0
2022-10-13 18:52:45.481,45.0
2022-10-13 18:52:45.462,211.0
2022-10-13 18:52:45.442,254.0
2022-10-13 18:52:45.423,0.0
2022-10-13 18:52:45.403,64.0
2022-10-13 18:52:45.384,176.0
2022-10-13 18:52:45.364,56.0
2022-10-13 18:52:45.345,190.0
2022-10-13 18:52:45.325,77.0
2022-10-13 18:52:45.305,69.0
2022-10-13 18:52:45.286,140.0
2022-10-13 18:52:45.266,167.0
2022-10-13 18:52:45.247,97.0
2022-10-13 18:52:45.227,231.0
2022-10-13 18:52:45.208,113.0
2022-10-13 18:52:45.188,47.0
2022-10-13 18:52:45.169,90.0
2022-10-13 18:52:45.149,42.0
2022-10-13 18:52:45.130,240.0
2022-10-13 18:52:45.110,50.0
2022-10-13 18:52:45.091,142.0
2022-10-13 18:52:45.071,244.0
2022-10-13 18:52:45.052,73.0
2022-10-13 18:52:45.032,50.0
2022-10-13 18:52:45.012,215.0
2022-10-13 18:52:44.993,11.0
2022-10-13 18:52:44.973,82.0
2022-10-13 18:52:44.954,121.0
2022-10-13 18:52:44.934,243.0
2022-10-13 18:52:44.915,150.0
2022-10-13 18:52:44.895,213.0
2022-10-13 18:52:44.876,131.0
2022-10-13 18:52:44.856,195.0
2022-10-13 18:52:44.837,221.0
2022-10-13 18:52:44.817,24.0
2022-10-13 18:52:44.798,189.0
2022-10-13 18:52:44.778,92.0
2022-10-13 18:52:44.759,50.0
2022-10-13 18:52:44.739,44.0
2022-10-13 18:52:44.720,51.0
2022-10-13 18:52:44.700,127.0
2022-10-13 18:52:44.680,115.0
2022-10-13 18:52:44.661,6.0
2022-10-13 18:52:44.641,223.0
2022-10-13 18:52:44.622,117.0
2022-10-13 18:52:44.602,54.0
2022-10-13 18:52:44.583,252.0
2022-10-13 18:52:44.563,150.0
2022-10-13 18:52:44.544,73.0
2022-10-13 18:52:44.524,14.0
2022-10-13 18:52:44.505,54.0
2022-10-13 18:52:44.485,148.0
2022-10-13 18:52:44.466,147.0
2022-10-13 18:52:44.446,200.0
2022-10-13 18:52:44.427,83.0
2022-10-13 18:52:44.407,117.0
2022-10-13 18:52:44.387,27.0
2022-10-13 18:52:44.368,192.0
2022-10-13 18:52:44.348,38.0
2022-10-13 18:52:44.329,210.0
2022-10-13 18:52:44.309,183.0
2022-10-13 18:52:44.290,105.0
2022-10-13 18:52:44.270,29.0
2022-10-13 18:52:44.251,172.0
2022-10-13 18:52:44.231,219.0
2022-10-13 18:52:44.212,126.0
2022-10-13 18:52:44.192,234.0
2022-10-13 18:52:44.173,179.0
2022-10-13 18:52:44.153,71.0
2022-10-13 18:52:44.134,224.0
2022-10-13 18:52:44.114,177.0
2022-10-13 18:52:44.095,206.0
2022-10-13 18:52:44.075,244.0
2022-10-13 18:52:44.055,3.0
2022-10-13 18:52:44.036,16.0
2022-10-13 18:52:44.016,130.0
2022-10-13 18:52:43.997,105.0
2022-10-13 18:52:43.977,218.0
2022-10-13 18:52:43.958,190.0
2022-10-13 18:52:43.938,73.0
2022-10-13 18:52:43.919,161.0
2022-10-13 18:52:43.899,48.0
2022-10-13 18:52:43.880,10.0
2022-10-13 18:52:43.860,204.0
2022-10-13 18:52:43.841,96.0
2022-10-13 18:52:43.821,20.0
2022-10-13 18:52:43.802,24.0
2022-10-13 18:52:43.782,253.0
2022-10-13 18:52:43.762,123.0
2022-10-13 18:52:43.743,139.0
2022-10-13 18:52:43.723,68.0
2022-10-13 18:52:43.704,130.0
2022-10-13 18:52:43.684,246.0
2022-10-13 18:52:43.665,162.0
2022-10-13 18:52:43.645,3.0
2022-10-13 18:52:43.626,104.0
2022-10-13 18:52:43.606,212.0
2022-10-13 18:52:43.587,181.0
2022-10-13 18:52:43.567,246.0
2022-10-13 18:52:43.548,56.0
2022-10-13 18:52:43.528,64.0
2022-10-13 18:52:43.509,61.0
2022-10-13 18:52:43.489,250.0
2022-10-13 18:52:43.470,130.0
2022-10-13 18:52:43.450,33.0
2022-10-13 18:52:43.430,251.0
2022-10-13 18:52:43.411,45.0
2022-10-13 18:52:43.391,136.0
2022-10-13 18:52:43.372,193.0
2022-10-13 18:52:43.352,240.0
2022-10-13 18:52:43.333,176.0
2022-10-13 18:52:43.313,140.0
2022-10-13 18:52:43.294,7.0
2022-10-13 18:52:43.274,152.0
2022-10-13 18:52:43.255,194.0
2022-10-13 18:52:43.235,232.0
2022-10-13 18:52:43.216,243.0
2022-10-13 18:52:43.196,137.0
2022-10-13 18:52:43.177,35.0
2022-10-13 18:52:43.157,220.0
2022-10-13 18:52:43.137,122.0
2022-10-13 18:52:43.118,1.0
2022-10-13 18:52:43.098,215.0
2022-10-13 18:52:43.079,84.0
2022-10-13 18:52:43.059,133.0
2022-10-13 18:52:43.040,227.0
2022-10-13 18:52:43.020,102.0
2022-10-13 18:52:43.001,190.0
2022-10-13 18:52:42.981,108.0
2022-10-13 18:52:42.962,160.0
2022-10-13 18:52:42.942,148.0
2022-10-13 18:52:42.923,24.0
2022-10-13 18:52:42.903,13.0
2022-10-13 18:52:42.884,234.0
2022-10-13 18:52:42.864,126.0
2022-10-13 18:52:42.845,215.0
2022-10-13 18:52:42.825,228.0
2022-10-13 18:52:42.805,234.0
2022-10-13 18:52:42.786,71.0
2022-10-13 18:52:42.766,213.0
2022-10-13 18:52:42.747,71.0
2022-10-13 18:52:42.727,178.0
2022-10-13 18:52:42.708,211.0
2022-10-13 18:52:42.688,125.0
2022-10-13 18:52:42.669,100.0
2022-10-13 18:52:42.649,79.0
2022-10-13 18:52:42.630,155.0
2022-10-13 18:52:42.610,56.0
2022-10-13 18:52:42.591,10.0
2022-10-13 18:52:42.571,51.0
2022-10-13 18:52:42.552,27.0
2022-10-13 18:52:42.532,243.0
2022-10-13 18:52:42.512,242.0
2022-10-13 18:52:42.493,185.0
2022-10-13 18:52:42.473,173.0
2022-10-13 18:52:42.454,42.0
2022-10-13 18:52:42.434,17.0
2022-10-13 18:52:42.415,52.0
2022-10-13 18:52:42.395,48.0
2022-10-13 18:52:42.376,5.0
2022-10-13 18:52:42.356,142.0
2022-10-13 18:52:42.337,192.0
2022-10-13 18:52:42.317,207.0
2022-10-13 18:52:42.298,66.0
2022-10-13 18:52:42.278,249.0
2022-10-13 18:52:42.259,239.0
2022-10-13 18:52:42.239,149.0
2022-10-13 18:52:42.220,14.0
2022-10-13 18:52:42.200,151.0
2022-10-13 18:52:42.180,96.0
2022-10-13 18:52:42.161,176.0
2022-10-13 18:52:42.141,252.0
2022-10-13 18:52:42.122,122.0
2022-10-13 18:52:42.102,64.0
2022-10-13 18:52:42.083,112.0
2022-10-13 18:52:42.063,30.0
2022-10-13 18:52:42.044,234.0
2022-10-13 18:52:42.024,220.0
2022-10-13 18:52:42.005,188.0
2022-10-13 18:52:41.985,121.0
2022-10-13 18:52:41.966,6.0
2022-10-13 18:52:41.946,52.0
2022-10-13 18:52:41.927,90.0
2022-10-13 18:52:41.907,11.0
2022-10-13 18:52:41.887,129.0
2022-10-13 18:52:41.868,89.0
2022-10-13 18:52:41.848,33.0
2022-10-13 18:52:41.829,199.0
2022-10-13 18:52:41.809,246.0
2022-10-13 18:52:41.790,192.0
2022-10-13 18:52:41.770,40.0
2022-10-13 18:52:41.751,8.0
2022-10-13 18:52:41.731,193.0
2022-10-13 18:52:41.712,254.0
2022-10-13 18:52:41.692,71.0
2022-10-13 18:52:41.673,0.0
2022-10-13 18:52:41.653,88.0
2022-10-13 18:52:41.634,243.0
2022-10-13 18:52:41.614,107.0
2022-10-13 18:52:41.595,156.0
2022-10-13 18:52:41.575,121.0
2022-10-13 18:52:41.555,147.0
2022-10-13 18:52:41.536,27.0
2022-10-13 18:52:41.516,172.0
2022-10-13 18:52:41.497,136.0
2022-10-13 18:52:41.477,5.0
2022-10-13 18:52:41.458,192.0
2022-10-13 18:52:41.438,137.0
2022-10-13 18:52:41.419,177.0
2022-10-13 18:52:41.399,178.0
2022-10-13 18:52:41.380,152.0
2022-10-13 18:52:41.360,113.0
2022-10-13 18:52:41.341,147.0
2022-10-13 18:52:41.321,201.0
2022-10-13 18:52:41.302,184.0
2022-10-13 18:52:41.282,191.0
2022-10-13 18:52:41.262,205.0
2022-10-13 18:52:41.243,186.0
2022-10-13 18:52:41.223,179.0
2022-10-13 18:52:41.204,246.0
2022-10-13 18:52:41.184,195.0
2022-10-13 18:52:41.165,7.0
2022-10-13 18:52:41.145,117.0
2022-10-13 18:52:41.126,146.0
2022-10-13 18:52:41.106,89.0
2022-10-13 18:52:41.087,249.0
2022-10-13 18:52:41.067,235.0
2022-10-13 18:52:41.048,22.0
2022-10-13 18:52:41.028,56.0
2022-10-13 18:52:41.009,91.0
2022-10-13 18:52:40.989,214.0
2022-10-13 18:52:40.970,78.0
2022-10-13 18:52:40.950,21.0
2022-10-13 18:52:40.930,160.0
2022-10-13 18:52:40.911,165.0
2022-10-13 18:52:40.891,208.0
2022-10-13 18:52:40.872,60.0
2022-10-13 18:52:40.852,224.0
2022-10-13 18:52:40.833,175.0
2022-10-13 18:52:40.813,131.0
2022-10-13 18:52:40.794,167.0
2022-10-13 18:52:40.774,227.0
2022-10-13 18:52:40.755,171.0
2022-10-13 18:52:40.735,190.0
2022-10-13 18:52:40.716,94.0
2022-10-13 18:52:40.696,74.0
2022-10-13 18:52:40.677,73.0
2022-10-13 18:52:40.657,215.0
2022-10-13 18:52:40.637,47.0
2022-10-13 18:52:40.618,9.0
2022-10-13 18:52:40.598,226.0
2022-10-13 18:52:40.579,110.0
2022-10-13 18:52:40.559,181.0
2022-10-13 18:52:40.540,93.0
2022-10-13 18:52:40.520,134.0
2022-10-13 18:52:40.501,229.0
2022-10-13 18:52:40.481,185.0
2022-10-13 18:52:40.462,137.0
2022-10-13 18:52:40.442,7.0
2022-10-13 18:52:40.423,125.0
2022-10-13 18:52:40.403,230.0
2022-10-13 18:52:40.384,133.0
2022-10-13 18:52:40.364,48.0
2022-10-13 18:52:40.345,212.0
2022-10-13 18:52:40.325,162.0
2022-10-13 18:52:40.305,165.0
2022-10-13 18:52:40.286,32.0
2022-10-13 18:52:40.266,119.0
2022-10-13 18:52:40.247,148.0
2022-10-13 18:52:40.227,123.0
2022-10-13 18:52:40.208,42.0
2022-10-13 18:52:40.188,170.0
2022-10-13 18:52:40.169,52.0
2022-10-13 18:52:40.149,21.0
2022-10-13 18:52:40.130,223.0
2022-10-13 18:52:40.110,75.0
2022-10-13 18:52:40.091,243.0
2022-10-13 18:52:40.071,95.0
2022-10-13 18:52:40.052,238.0
2022-10-13 18:52:40.032,160.0
2022-10-13 18:52:40.012,217.0
2022-10-13 18:52:39.993,18.0
2022-10-13 18:52:39.973,179.0
2022-10-13 18:52:39.954,41.0
2022-10-13 18:52:39.934,168.0
2022-10-13 18:52:39.915,0.0
2022-10-13 18:52:39.895,159.0
2022-10-13 18:52:39.876,148.0
2022-10-13 18:52:39.856,116.0
2022-10-13 18:52:39.837,222.0
2022-10-13 18:52:39.817,125.0
2022-10-13 18:52:39.798,26.0
2022-10-13 18:52:39.778,186.0
2022-10-13 18:52:39.759,140.0
2022-10-13 18:52:39.739,62.0
2022-10-13 18:52:39.720,33.0
2022-10-13 18:52:39.700,123.0
2022-10-13 18:52:39.680,175.0
2022-10-13 18:52:39.661,32.0
2022-10-13 18:52:39.641,25.0
2022-10-13 18:52:39.622,193.0
2022-10-13 18:52:39.602,174.0
2022-10-13 18:52:39.583,58.0
2022-10-13 18:52:39.563,59.0
2022-10-13 18:52:39.544,165.0
2022-10-13 18:52:39.524,170.0
2022-10-13 18:52:39.505,12.0
2022-10-13 18:52:39.485,149.0
2022-10-13 18:52:39.466,105.0
2022-10-13 18:52:39.446,196.0
2022-10-13 18:52:39.427,117.0
2022-10-13 18:52:39.407,114.0
2022-10-13 18:52:39.387,251.0
2022-10-13 18:52:39.368,254.0
2022-10-13 18:52:39.348,70.0
2022-10-13 18:52:39.329,142.0
2022-10-13 18:52:39.309,111.0
2022-10-13 18:52:39.290,56.0
2022-10-13 18:52:39.270,147.0
2022-10-13 18:52:39.251,119.0
2022-10-13 18:52:39.231,76.0
2022-10-13 18:52:39.212,156.0
2022-10-13 18:52:39.192,92.0
2022-10-13 18:52:39.173,206.0
2022-10-13 18:52:39.153,79.0
2022-10-13 18:52:39.134,165.0
2022-10-13 18:52:39.114,251.0
2022-10-13 18:52:39.095,173.0
2022-10-13 18:52:39.075,126.0
2022-10-13 18:52:39.055,233.0
2022-10-13 18:52:39.036,175.0
2022-10-13 18:52:39.016,208.0
2022-10-13 18:52:38.997,29.0
2022-10-13 18:52:38.977,105.0
2022-10-13 18:52:38.958,19.0
2022-10-13 18:52:38.938,186.0
2022-10-13 18:52:38.919,133.0
2022-10-13 18:52:38.899,119.0
2022-10-13 18:52:38.880,118.0
2022-10-13 18:52:38.860,75.0
2022-10-13 18:52:38.841,65.0
2022-10-13 18:52:38.821,125.0
2022-10-13 18:52:38.802,45.0
2022-10-13 18:52:38.782,180.0
2022-10-13 18:52:38.762,25.0
2022-10-13 18:52:38.743,84.0
2022-10-13 18:52:38.723,152.0
2022-10-13 18:52:38.704,250.0
2022-10-13 18:52:38.684,106.0
2022-10-13 18:52:38.665,169.0
2022-10-13 18:52:38.645,126.0
2022-10-13 18:52:38.626,135.0
2022-10-13 18:52:38.606,15.0
2022-10-13 18:52:38.587,24.0
2022-10-13 18:52:38.567,65.0
2022-10-13 18:52:38.548,93.0
2022-10-13 18:52:38.528,11.0
2022-10-13 18:52:38.509,175.0
2022-10-13 18:52:38.489,84.0
2022-10-13 18:52:38.470,158.0
2022-10-13 18:52:38.450,131.0
2022-10-13 18:52:38.430,128.0
2022-10-13 18:52:38.411,43.0
2022-10-13 18:52:38.391,89.0
2022-10-13 18:52:38.372,174.0
2022-10-13 18:52:38.352,220.0
2022-10-13 18:52:38.333,29.0
2022-10-13 18:52:38.313,180.0
2022-10-13 18:52:38.294,104.0
2022-10-13 18:52:38.274,52.0
2022-10-13 18:52:38.255,172.0
2022-10-13 18:52:38.235,76.0
2022-10-13 18:52:38.216,222.0
2022-10-13 18:52:38.196,196.0
2022-10-13 18:52:38.177,144.0
2022-10-13 18:52:38.157,111.0
2022-10-13 18:52:38.137,4.0
2022-10-13 18:52:38.118,172.0
2022-10-13 18:52:38.098,142.0
2022-10-13 18:52:38.079,17.0
2022-10-13 18:52:38.059,242.0
2022-10-13 18:52:38.040,154.0
2022-10-13 18:52:38.020,82.0
2022-10-13 18:52:38.001,147.0
2022-10-13 18:52:37.981,50.0
2022-10-13 18:52:37.962,160.0
2022-10-13 18:52:37.942,235.0
2022-10-13 18:52:37.923,46.0
2022-10-13 18:52:37.903,158.0
2022-10-13 18:52:37.884,95.0
2022-10-13 18:52:37.864,212.0
2022-10-13 18:52:37.845,68.0
2022-10-13 18:52:37.825,124.0
2022-10-13 18:52:37.805,81.0
2022-10-13 18:52:37.786,215.0
2022-10-13 18:52:37.766,182.0
2022-10-13 18:52:37.747,223.0
2022-10-13 18:52:37.727,82.0
2022-10-13 18:52:37.708,113.0
2022-10-13 18:52:37.688,121.0
2022-10-13 18:52:37.669,143.0
2022-10-13 18:52:37.649,61.0
2022-10-13 18:52:37.630,82.0
2022-10-13 18:52:37.610,50.0
2022-10-13 18:52:37.591,253.0
2022-10-13 18:52:37.571,236.0
2022-10-13 18:52:37.552,17.0
2022-10-13 18:52:37.532,118.0
2022-10-13 18:52:37.512,90.0
2022-10-13 18:52:37.493,177.0
2022-10-13 18:52:37.473,122.0
2022-10-13 18:52:37.454,178.0
2022-10-13 18:52:37.434,80.0
2022-10-13 18:52:37.415,22.0
2022-10-13 18:52:37.395,149.0
2022-10-13 18:52:37.376,239.0
2022-10-13 18:52:37.356,178.0
2022-10-13 18:52:37.337,200.0
2022-10-13 18:52:37.317,12.0
2022-10-13 18:52:37.298,241.0
2022-10-13 18:52:37.278,46.0
2022-10-13 18:52:37.259,47.0
2022-10-13 18:52:37.239,119.0
2022-10-13 18:52:37.220,128.0
2022-10-13 18:52:37.200,237.0
2022-10-13 18:52:37.180,203.0
2022-10-13 18:52:37.161,171.0
2022-10-13 18:52:37.141,164.0
2022-10-13 18:52:37.122,152.0
2022-10-13 18:52:37.102,199.0
2022-10-13 18:52:37.083,181.0
2022-10-13 18:52:37.063,68.0
2022-10-13 18:52:37.044,239.0
2022-10-13 18:52:37.024,27.0
2022-10-13 18:52:37.005,15.0
2022-10-13 18:52:36.985,86.0
2022-10-13 18:52:36.966,156.0
2022-10-13 18:52:36.946,227.0
2022-10-13 18:52:36.927,235.0
2022-10-13 18:52:36.907,62.0
2022-10-13 18:52:36.887,223.0
2022-10-13 18:52:36.868,21.0
2022-10-13 18:52:36.848,165.0
2022-10-13 18:52:36.829,30.0
2022-10-13 18:52:36.809,248.0
2022-10-13 18:52:36.790,127.0
2022-10-13 18:52:36.770,243.0
2022-10-13 18:52:36.751,196.0
2022-10-13 18:52:36.731,247.0
2022-10-13 18:52:36.712,135.0
2022-10-13 18:52:36.692,98.0
2022-10-13 18:52:36.673,113.0
2022-10-13 18:52:36.653,223.0
2022-10-13 18:52:36.634,221.0
2022-10-13 18:52:36.614,185.0
2022-10-13 18:52:36.595,220.0
2022-10-13 18:52:36.575,176.0
2022-10-13 18:52:36.555,94.0
2022-10-13 18:52:36.536,138.0
2022-10-13 18:52:36.516,30.0
2022-10-13 18:52:36.497,112.0
2022-10-13 18:52:36.477,187.0
2022-10-13 18:52:36.458,112.0
2022-10-13 18:52:36.438,66.0
2022-10-13 18:52:36.419,26.0
2022-10-13 18:52:36.399,189.0
2022-10-13 18:52:36.380,227.0
2022-10-13 18:52:36.360,12.0
2022-10-13 18:52:36.341,205.0
2022-10-13 18:52:36.321,206.0
2022-10-13 18:52:36.302,208.0
2022-10-13 18:52:36.282,35.0
2022-10-13 18:52:36.262,185.0
2022-10-13 18:52:36.243,146.0
2022-10-13 18:52:36.223,147.0
2022-10-13 18:52:36.204,221.0
2022-10-13 18:52:36.184,48.0
2022-10-13 18:52:36.165,82.0
2022-10-13 18:52:36.145,6.0
2022-10-13 18:52:36.126,7.0
2022-10-13 18:52:36.106,230.0
2022-10-13 18:52:36.087,246.0
2022-10-13 18:52:36.067,71.0
2022-10-13 18:52:36.048,4.0
2022-10-13 18:52:36.028,213.0
2022-10-13 18:52:36.009,77.0
2022-10-13 18:52:35.989,30.0
2022-10-13 18:52:35.970,247.0
2022-10-13 18:52:35.950,34.0
2022-10-13 18:52:35.930,183.0
2022-10-13 18:52:35.911,120.0
2022-10-13 18:52:35.891,184.0
2022-10-13 18:52:35.872,2.0
2022-10-13 18:52:35.852,153.0
2022-10-13 18:52:35.833,186.0
2022-10-13 18:52:35.813,39.0
2022-10-13 18:52:35.794,166.0
2022-10-13 18:52:35.774,243.0
2022-10-13 18:52:35.755,127.0
2022-10-13 18:52:35.735,101.0
2022-10-13 18:52:35.716,149.0
2022-10-13 18:52:35.696,247.0
2022-10-13 18:52:35.677,0.0
2022-10-13 18:52:35.657,142.0
2022-10-13 18:52:35.637,202.0
2022-10-13 18:52:35.618,174.0
2022-10-13 18:52:35.598,96.0
2022-10-13 18:52:35.579,138.0
2022-10-13 18:52:35.559,214.0
2022-10-13 18:52:35.540,86.0
2022-10-13 18:52:35.520,83.0
2022-10-13 18:52:35.501,223.0
2022-10-13 18:52:35.481,44.0
2022-10-13 18:52:35.462,7.0
2022-10-13 18:52:35.442,3.0
2022-10-13 18:52:35.423,59.0
2022-10-13 18:52:35.403,223.0
2022-10-13 18:52:35.384,81.0
2022-10-13 18:52:35.364,141.0
2022-10-13 18:52:35.345,249.0
2022-10-13 18:52:35.325,138.0
2022-10-13 18:52:35.305,110.0
2022-10-13 18:52:35.286,159.0
2022-10-13 18:52:35.266,33.0
2022-10-13 18:52:35.247,244.0
2022-10-13 18:52:35.227,57.0
2022-10-13 18:52:35.208,28.0
2022-10-13 18:52:35.188,205.0
2022-10-13 18:52:35.169,88.0
2022-10-13 18:52:35.149,138.0
2022-10-13 18:52:35.130,238.0
2022-10-13 18:52:35.110,235.0
2022-10-13 18:52:35.091,163.0
2022-10-13 18:52:35.071,53.0
2022-10-13 18:52:35.052,221.0
2022-10-13 18:52:35.032,156.0
2022-10-13 18:52:35.012,119.0
2022-10-13 18:52:34.993,50.0
2022-10-13 18:52:34.973,1.0
2022-10-13 18:52:34.954,107.0
2022-10-13 18:52:34.934,252.0
2022-10-13 18:52:34.915,239.0
2022-10-13 18:52:34.895,233.0
2022-10-13 18:52:34.876,123.0
2022-10-13 18:52:34.856,14.0
2022-10-13 18:52:34.837,180.0
2022-10-13 18:52:34.817,123.0
2022-10-13 18:52:34.798,65.0
2022-10-13 18:52:34.778,63.0
2022-10-13 18:52:34.759,103.0
2022-10-13 18:52:34.739,189.0
2022-10-13 18:52:34.720,56.0
2022-10-13 18:52:34.700,97.0
2022-10-13 18:52:34.680,84.0
2022-10-13 18:52:34.661,175.0
2022-10-13 18:52:34.641,45.0
2022-10-13 18:52:34.622,21.0
2022-10-13 18:52:34.602,158.0
2022-10-13 18:52:34.583,76.0
2022-10-13 18:52:34.563,232.0
2022-10-13 18:52:34.544,2.0
2022-10-13 18:52:34.524,48.0
2022-10-13 18:52:34.505,186.0
2022-10-13 18:52:34.485,233.0
2022-10-13 18:52:34.466,81.0
2022-10-13 18:52:34.446,240.0
2022-10-13 18:52:34.427,119.0
2022-10-13 18:52:34.407,148.0
2022-10-13 18:52:34.387,218.0
2022-10-13 18:52:34.368,116.0
2022-10-13 18:52:34.348,47.0
2022-10-13 18:52:34.329,10.0
2022-10-13 18:52:34.309,153.0
2022-10-13 18:52:34.290,123.0
2022-10-13 18:52:34.270,104.0
2022-10-13 18:52:34.251,36.0
2022-10-13 18:52:34.231,37.0
2022-10-13 18:52:34.212,23.0
2022-10-13 18:52:34.192,114.0
2022-10-13 18:52:34.173,52.0
2022-10-13 18:52:34.153,83.0
2022-10-13 18:52:34.134,196.0
2022-10-13 18:52:34.114,192.0
2022-10-13 18:52:34.095,29.0
2022-10-13 18:52:34.075,1.0
2022-10-13 18:52:34.055,173.0
2022-10-13 18:52:34.036,43.0
2022-10-13 18:52:34.016,40.0
2022-10-13 18:52:33.997,154.0
2022-10-13 18:52:33.977,146.0
2022-10-13 18:52:33.958,111.0
2022-10-13 18:52:33.938,176.0
2022-10-13 18:52:33.919,43.0
2022-10-13 18:52:33.899,102.0
2022-10-13 18:52:33.880,228.0
2022-10-13 18:52:33.860,81.0
2022-10-13 18:52:33.841,172.0
2022-10-13 18:52:33.821,213.0
2022-10-13 18:52:33.802,139.0
2022-10-13 18:52:33.782,3.0
2022-10-13 18:52:33.762,107.0
2022-10-13 18:52:33.743,139.0
2022-10-13 18:52:33.723,69.0
2022-10-13 18:52:33.704,243.0
2022-10-13 18:52:33.684,81.0
2022-10-13 18:52:33.665,206.0
2022-10-13 18:52:33.645,96.0
2022-10-13 18:52:33.626,144.0
2022-10-13 18:52:33.606,218.0
2022-10-13 18:52:33.587,17.0
2022-10-13 18:52:33.567,228.0
2022-10-13 18:52:33.548,114.0
2022-10-13 18:52:33.528,90.0
2022-10-13 18:52:33.509,70.0
2022-10-13 18:52:33.489,222.0
2022-10-13 18:52:33.470,147.0
2022-10-13 18:52:33.450,128.0
2022-10-13 18:52:33.430,13.0
2022-10-13 18:52:33.411,146.0
2022-10-13 18:52:33.391,9.0
2022-10-13 18:52:33.372,166.0
2022-10-13 18:52:33.352,117.0
2022-10-13 18:52:33.333,227.0
2022-10-13 18:52:33.313,234.0
2022-10-13 18:52:33.294,245.0
2022-10-13 18:52:33.274,217.0
2022-10-13 18:52:33.255,194.0
2022-10-13 18:52:33.235,85.0
2022-10-13 18:52:33.216,16.0
2022-10-13 18:52:33.196,167.0
2022-10-13 18:52:33.177,121.0
2022-10-13 18:52:33.157,88.0
2022-10-13 18:52:33.137,5.0
2022-10-13 18:52:33.118,194.0
2022-10-13 18:52:33.098,53.0
2022-10-13 18:52:33.079,248.0
2022-10-13 18:52:33.059,102.0
2022-10-13 18:52:33.040,116.0
2022-10-13 18:52:33.020,61.0
2022-10-13 18:52:33.001,112.0
2022-10-13 18:52:32.981,130.0
2022-10-13 18:52:32.962,147.0
2022-10-13 18:52:32.942,126.0
2022-10-13 18:52:32.923,126.0
2022-10-13 18:52:32.903,187.0
2022-10-13 18:52:32.884,154.0
2022-10-13 18:52:32.864,48.0
2022-10-13 18:52:32.845,210.0
2022-10-13 18:52:32.825,4.0
2022-10-13 18:52:32.805,192.0
2022-10-13 18:52:32.786,196.0
2022-10-13 18:52:32.766,63.0
2022-10-13 18:52:32.747,43.0
2022-10-13 18:52:32.727,248.0
2022-10-13 18:52:32.708,234.0
2022-10-13 18:52:32.688,61.0
2022-10-13 18:52:32.669,242.0
2022-10-13 18:52:32.649,177.0
2022-10-13 18:52:32.630,75.0
2022-10-13 18:52:32.610,66.0
2022-10-13 18:52:32.591,23.0
2022-10-13 18:52:32.571,138.0
2022-10-13 18:52:32.552,71.0
2022-10-13 18:52:32.532,133.0
2022-10-13 18:52:32.512,126.0
2022-10-13 18:52:32.493,130.0
2022-10-13 18:52:32.473,121.0
2022-10-13 18:52:32.454,85.0
2022-10-13 18:52:32.434,149.0
2022-10-13 18:52:32.415,168.0
2022-10-13 18:52:32.395,34.0
2022-10-13 18:52:32.376,6.0
2022-10-13 18:52:32.356,226.0
2022-10-13 18:52:32.337,234.0
2022-10-13 18:52:32.317,61.0
2022-10-13 18:52:32.298,203.0
2022-10-13 18:52:32.278,78.0
2022-10-13 18:52:32.259,53.0
2022-10-13 18:52:32.239,132.0
2022-10-13 18:52:32.220,131.0
2022-10-13 18:52:32.200,206.0
2022-10-13 18:52:32.180,254.0
2022-10-13 18:52:32.161,107.0
2022-10-13 18:52:32.141,192.0
2022-10-13 18:52:32.122,112.0
2022-10-13 18:52:32.102,121.0
2022-10-13 18:52:32.083,52.0
2022-10-13 18:52:32.063,111.0
2022-10-13 18:52:32.044,105.0
2022-10-13 18:52:32.024,218.0
2022-10-13 18:52:32.005,64.0
2022-10-13 18:52:31.985,22.0
2022-10-13 18:52:31.966,155.0
2022-10-13 18:52:31.946,201.0
2022-10-13 18:52:31.927,129.0
2022-10-13 18:52:31.907,104.0
2022-10-13 18:52:31.887,168.0
2022-10-13 18:52:31.868,91.0
2022-10-13 18:52:31.848,117.0
2022-10-13 18:52:31.829,168.0
2022-10-13 18:52:31.809,11.0
2022-10-13 18:52:31.790,211.0
2022-10-13 18:52:31.770,48.0
2022-10-13 18:52:31.751,246.0
2022-10-13 18:52:31.731,238.0
2022-10-13 18:52:31.712,141.0
2022-10-13 18:52:31.692,129.0
2022-10-13 18:52:31.673,107.0
2022-10-13 18:52:31.653,159.0
2022-10-13 18:52:31.634,87.0
2022-10-13 18:52:31.614,73.0
2022-10-13 18:52:31.595,75.0
2022-10-13 18:52:31.575,47.0
2022-10-13 18:52:31.555,118.0
2022-10-13 18:52:31.536,26.0
2022-10-13 18:52:31.516,33.0
2022-10-13 18:52:31.497,2.0
2022-10-13 18:52:31.477,21.0
2022-10-13 18:52:31.458,182.0
2022-10-13 18:52:31.438,141.0
2022-10-13 18:52:31.419,128.0
2022-10-13 18:52:31.399,216.0
2022-10-13 18:52:31.380,229.0
2022-10-13 18:52:31.360,23.0
2022-10-13 18:52:31.341,116.0
2022-10-13 18:52:31.321,146.0
2022-10-13 18:52:31.302,175.0
2022-10-13 18:52:31.282,70.0
2022-10-13 18:52:31.262,249.0
2022-10-13 18:52:31.243,129.0
2022-10-13 18:52:31.223,191.0
2022-10-13 18:52:31.204,7.0
